1,"She hadn't eaten all day, and by the time she got home she was
______.
",blighted,confutative,ravenous,ostentatious,blissful
2,"The movie offended many of the parents of its younger viewers by
including unnecessary ______ in the dialogue.
",vulgarity,verbosity,vocalizations,garishness,tonality
3,"His neighbors found his ______ manner bossy and irritating, and
they stopped inviting him to backyard barbeques.
",insentient,magisterial,reparatory,restorative,modest
4,"Steven is always ______ about showing up for work because he
feels that tardiness is a sign of irresponsibility.
",legible,tolerable,punctual,literal,belligerent
5,"Candace would ______ her little sister into an argument by teasing
her and calling her names.
",advocate,provoke,perforate,lamente,expunge
6,"The dress Ariel wore ______ with small, glassy beads, creating a
shimmering effect.
",titillated,reiterated,scintillated,enthralled,striated
7,"Being able to afford this luxury car will ______ getting a betterpaying
job.
",maximize,recombinant,reiterate,necessitate,reciprocate
8,"Levina unknowingly ______ the thief by holding open the elevator
doors and ensuring his escape.
",coerced,proclaimed,abetted,sanctioned,solicited
9,"Shakespeare, a(n) ______ writer, entertained audiences by writing
many tragic and comic plays.
",numeric,obstinate,dutiful,prolific,generic
10,"I had the ______ experience of sitting next to an over-talkative
passenger on my flight home from Brussels.
",satisfactory,commendable,galling,acceptable,acute
11,"Prince Phillip had to choose: marry the woman he loved and ______
his right to the throne, or marry Lady Fiona and inherit the crown.
",reprimand,upbraid,abdicate,winnow,extol
12,"If you will not do your work of your own ______, I have no choice
but to penalize you if it is not done on time.
",predilection,coercion,excursion,volition,infusion
13,"After sitting in the sink for several days, the dirty, food-encrusted
dishes became ______.
",malodorous,prevalent,imposing,perforated,emphatic
14,"Giulia soon discovered the source of the ______ smell in the room:
a week-old tuna sandwich that one of the children had hidden in
the closet.
",quaint,fastidious,clandestine,laconic,fetid
15,"After making ______ remarks to the President, the reporter was
not invited to return to the White House pressroom.
",hospitable,itinerant,enterprising,chivalrous,irreverent
16,"With her ______ eyesight, Krystyna spotted a trio of deer on the
hillside and she reduced the speed of her car.
",inferior,keen,impressionable,ductile,conspiratorial
17,"With a(n) ______ grin, the boy quickly slipped the candy into his
pocket without his mother's knowledge.
",jaundiced,nefarious,stereotypical,sentimental,impartial
18,"Her ______ display of tears at work did not impress her new boss,
who felt she should try to control her emotions.
",maudlin,meritorious,precarious,plausible,schematic
19,"Johan argued, ""If you know about a crime but don't report it, you
are ______ in that crime because you allowed it to happen.""
",acquitted,steadfast,tenuous,complicit,nullified
20,"The authorities, fearing a ______ of their power, called for a
military state in the hopes of restoring order.
",subversion,premonition,predilection,infusion,inversion
21,"The story's bitter antagonist felt such great ______ for all of the other
characters that as a result, his life was very lonely and he died alone.
",insurgence,malevolence,reciprocation,declamation,preference
22,"It is difficult to believe that charging 20% on an outstanding credit
card balance isn't ______!
",bankruptcy,usury,novice,kleptomania,flagrancy
23,"The ______ weather patterns of the tropical island meant tourists
had to carry both umbrellas and sunglasses.
",impertinent,supplicant,preeminent,illustrative,kaleidoscopic
24,"Wedding ceremonies often include the exchange of ______ rings
to symbolize the couple's promises to each other.
",hirsute,acrimonious,plaintive,deciduous,votive
25,"Kym was ______ in choosing her friends, so her parties were
attended by vastly different and sometimes bizarre personalities.
",indispensable,indiscriminate,commensurate,propulsive,indisputable
26,"Phillip's ______ tone endeared him to his comical friends, but
irritated his serious father.
",aloof,jesting,grave,earnest,conservative
27,"Brian's pale Irish skin was ______ to burn if he spent too much
time in the sun.
",prone,urbane,eminent,erect,daunted
28,"A fan of historical fiction, Joline is now reading a novel about
slavery in the ______ South.
",decorous,rogue,droll,antebellum,onerous
29,"Over the years the Wilsons slowly ______ upon the Jacksons'
property, moving the stone markers that divided their lots farther
and farther onto the Jacksons' land.
",encroached,jettisoned,conjoined,repudiated,teemed
30,"Mary became ______ at typing because she practiced every day for
six months.
",proficient,reflective,dormant,redundant,valiant
31,"To find out what her husband bought for her birthday, Susan
attempted to ______ his family members about his recent shopping
excursions.
",prescribe,probe,alienate,converge,revere
32,"Juan's friends found him in a ______ mood after he learned he
would be homecoming king.
",jovial,stealthy,paltry,gullible,depleted
33,"His suit of armor made the knight ______ to his enemy's attack,
and he was able to escape safely to his castle.
",vulnerable,churlish,invulnerable,static,imprudent
34,"Choosing a small, fuel-efficient car is a ______ purchase for a
recent college graduate.
",corrupt,tedious,unhallowed,sardonic,judicious
35,"Such a ______ violation of school policy should be punished by
nothing less than expulsion.
",copious,flagrant,raucous,nominal,morose
36,"With all of the recent negative events in her life, she felt ______
forces must be at work.
",resurgent,premature,malignant,punctilious,antecedent
37,"The ______ rumors did a great deal of damage even though they
turned out to be false.
",bemused,prosaic,apocryphal,ebullient,tantamount
38,"When her schoolwork got to be too much, Pam had a tendency to
______, which always put her further behind.
",dedicate,rejuvenate,ponder,excel,procrastinate
39,"Racha's glance was a ______ invitation to speak later in private
about events of the meeting.
",trecherous,scintillating,tactful,tacit,taboo
40,"She reached the ______ of her career with her fourth novel, which
won the Pulitzer Prize.
",harbinger,apogee,metamorphosis,dictum,synthesis
41,"The ______ townspeople celebrated the soldier's return to his
home by adorning trees with yellow ribbons and balloons.
",somber,jubilant,pitiless,cunning,unsullied
42,"The governor-elect was hounded by a group of ______ lobbyists
and others hoping to gain favor with her administration.
",facetious,abstruse,magnanimous,fawning,saccharine
43,"The mock graduation ceremony-with a trained skunk posing as
the college president-was a complete ______ that offended many
college officials.
",tempest,epitome,quintessence,travesty,recitative
44,"The busy, ______ fabric of the clown's tie matched his oversized
jacket, which was equally atrocious.
",mottled,bleak,credible,malleable,communicable
45,"Kendrick's talent ______ under the tutelage of Anya Kowalonek,
who as a young woman had been the most accomplished pianist in
her native Lithuania.
",bantered,touted,flourished,embellished,colluded
46,"The children were ______ by the seemingly nonsensical clues until
Kinan pointed out that the messages were in code.
",censured,striated,feigned,prevaricated,flummoxed
47,"As the ______ in Romeo and Juliet, Romeo is a hero able to
capture the audience's sympathy by continually professing his love
for Juliet.
",protagonist,enigma,facade,activist,catechist
48,"The chess master promised to ______ havoc upon his opponent's
pawns for taking his bishop.
",wreak,warrant,ensue,placate,endow
49,"I have always admired Seymour's ______; I've never seen him
rattled by anything.
",aplomb,confluence,propriety,compunction,nostalgia
50,"The soldiers received a military ______ to inspect all their vehicles
before traveling.
",allotment,dominion,affectation,calculation,mandate
51,"As ______ beings we live each day conscious of our shortcomings
and victories.
",sensational,sentient,sentimental,static,senile
52,"The curious crowd gathered to watch the irate customer ______
about the poor service he received in the restaurant.
",antiquate,trivialize,rant,placate,fetter
53,"The man's ______ driving resulted in a four-car pile-up on the
freeway.
",burdensome,charismatic,exceptional,boastful,negligent
54,"Ron didn't know the rules of rugby, but he could tell by the
crowd's reaction that it was a critical ______ in the game.
",acclamation,conviction,juncture,enigma,revelation
55,"My ancestor who lost his life in the Revolutionary War was a
______ for American independence.
",knave,reactionary,compatriot,nonconformist,martyr
56,"The ______ sound of the radiator as it released steam became an
increasingly annoying distraction.
",sibilant,scintillating,diverting,sinuous,scurrilous
57,"It is helpful for salesmen to develop a good ______ with their
customers in order to gain their trust.
",platitude,rapport,ire,tribute,disinclination
58,"In such a small office setting, the office manager found he had
______ responsibilities that required knowledge in a variety of
different topics.
",heedless,complementary,mutual,manifold,correlative
59,"David's ______ entrance on stage disrupted the scene and caused
the actors to flub their lines.
",untimely,precise,lithe,fortuitous,tensile
60,"The settlers found an ideal location with plenty of ______ land for
farming and a mountain stream for fresh water and irrigation.
",candid,provincial,arable,timid,quaint
61,"The ______ seventh-grader towered over the other players on his
basketball team.
",gangling,studious,mimetic,abject,reserved
62,"Carson was at first flattered by the ______ of his new colleagues,
but he soon realized that their admiration rested chiefly on his
connections, not his accomplishments.
",reprisal,adulation,bulwark,rapport,retinue
63,"For a(n) ______ fee, it is possible to upgrade from regular gasoline
to premium.
",nominal,judgmental,existential,bountiful,jovial
64,"Searching frantically to find the hidden jewels, the thieves
proceeded to ______ the entire house.
",justify,darken,amplify,ransack,glorify
65,"The ______ deer stuck close to its mother when venturing out into
the open field.
",starling,foundling,yearling,begrudging,hatchling
66,"The police officer ______ the crowd to step back from the fire so
that no one would get hurt.
",undulated,enjoined,stagnated,permeated,delineated
67,"Jackson's poor typing skills were a ______ to finding employment
at the nearby office complex.
",benefit,hindrance,partiality,temptation,canon
68,"Through ______, the chef created a creamy sauce by combining
brown sugar, butter, and cinnamon in a pan and cooking them over
medium-high heat.
",impasse,obscurity,decadence,diversion,liquefaction
69,"The defendant claimed that he was innocent and that his
confession was ______.
",coerced,flagrant,terse,benign,futile
70,"Harvey was discouraged that his visa application was ______ due to
his six convictions.
",lethargic,immeasurable,nullified,segregated,aggravated
71,"The rebel spies were charged with ______ and put on trial.
",sedition,attrition,interaction,reiteration,perdition
72,"Keith was ______ in his giving to friends and charities throughout
the year, not just during the holidays.
",munificent,portly,amphibious,guileful,forensic
73,"Calvin reached the ______ of his career in his early thirties when
he became president and CEO of a software company.
",zephyr,plethora,vale,nocturne,zenith
74,"Although I'd asked a simple ""yes"" or ""no"" question, Irfan's reply
was ______, and I didn't know how to interpret it.
",prodigal,irate,equivocal,voracious,harrowing
75,"The high-profile company CEO was given an ______ for speaking
at the monthly meeting of the area business leaders' society.
",expiation,honorarium,inoculation,interpretation,inquisition
76,"Zachary was doomed to a miserable life, for no matter how much
he had, he always ______ the possessions of others.
",protracted,exalted,engendered,coveted,filibustered
77,"Sheila's grueling hike included passing through numerous ______.
",terrariums,neoprene,jurisdictions,ravines,belfries
78,"The college professor was known on campus as a ______
character-bland but harmless and noble in his ideals.
",staid,stagnant,auspicious,sterile,dogmatic
79,"Because he was so ______, the athlete was able to complete the
obstacle course in record time.
",belligerent,nimble,demure,volatile,speculative
80,"The toy store's extensive inventory offered a ______ of toys from
baby items to video games for teenagers.
",manifold,lexicon,burrow,gamut,motif
81,"With sunscreen and a good book, April ______ by the pool in her
lounge chair while the children swam.
",ensconced,sustained,expelled,transcended,lolled
82,"NaQuan had a terrible habit of boasting so much about his
smallest accomplishments that his ______ became renowned
throughout the small college campus.
",vainglory,timidity,diffidence,tempestuousness,mockery
83,"Only a small number of people in the audience laughed at the
comic's ______ sense of humor, while the rest found him to be too
sarcastic.
",consequential,avaricious,venturous,dauntless,mordant
84,"He has long been a(n) ______ of year-round school, believing it
would significantly improve learning and ease the burden on
working parents.
",advocate,levity,detractor,epiphany,connoisseur
85,"Tired of hearing the child whine for more candy, the babysitter
finally ______ and offered him a piece of chocolate.
",relented,abated,rendered,placated,enumerated
86,"Dogs growl and show their teeth in an attempt to ______ the
animal or person they perceive as a threat.
",bolster,waylay,cow,exacerbate,appease
87,"In biology class, Sabine observed the slug's ______, its barely
discernible movement in the tank.
",parody,prescience,torpor,insight,vigor
88,"The ______ instinct of a watchdog is to attack strangers who enter
its home.
",judicious,intimate,pragmatic,melancholy,primal
89,"The battalion's ______ was a well-fortified structure near the
enemy lines.
",labyrinth,summary,villa,vinculum,garrison
90,"Much to my surprise, my teenage daughter was ______ to the idea
of going out with me on Friday night instead of with her friends.
",contrite,impartial,partisan,deferential,amenable
91,"The enormous waves forced the lobster boat to ______ heavily to
the starboard side, causing crates of lobsters to topple and fall into
the ocean.
",trifle,degenerate,list,expedite,disseminate
92,"Walking through the ______ forest in spring was a welcome escape
from the cold, gray winter we had spent in the city.
",pliant,verdant,factious,bland,innocuous
93,"Nina called the humane society when she saw her neighbor ______
his dog.
",mandate,forebode,maltreat,stipulate,peruse
94,"Meredith used the ______ to steer the horse and keep him in line.
",jolt,bristle,chine,quirt,hearth
95,"Oliver was unable to ______ himself from the difficulties he had
caused by forging the documents.
",reprove,pique,oust,extricate,broach
96,"The ______ of our expedition was still so far away that I felt we
would never get there.
",nadir,terminus,speculation,apex,dungeon
97,"If he expected to ______ as a doctor, Lou knew he would have to
study hard in medical school and work long hours to gain
experience and skill.
",perpetrate,palliate,palpitate,prosper,mediate
98,"Doc Wilson grew up in Florida and was not prepared to face the
______ climate of the Alaskan winter.
",freshwater,gelid,compendious,subsidiary,improvident
99,"Marvin's ______ prevented him from finishing his work and was
evidenced in his large phone bills.
",loquacity,heroism,decadence,depreciation,rescission
100,"The graph clearly showed the company reaching the ______ in
profits during the 1980s when the economy was in a boom period.
",narthex,gullet,gamut,quiescence,vertex
101,"Amie agrees with the ______ that the grass is always greener on
the other side of the fence.
",perpetuity,penchant,maxim,conformation,fortitude
102,"Victor Frankenstein's creature was a(n) ______, detested by
everyone he met.
",itinerant,anathema,cosmopolitan,mercenary,anomaly
103,"Jack Nicholson was at the ______ of his career when he received
the Oscar for Best Actor.
",detriment,pinnacle,oligarchy,rogue,repose
104,"Ariana was outstanding as the moderator; she handled the
intensely heated debate with great ______, diplomatically and
tactfully keeping the conversation fair and on track.
",finesse,pretentiousness,prowess,succor,aversion
105,"The class endured a loud and lengthy ______ by the teacher on the
subject of submitting written work on time.
",guile,polemic,bravado,tirade,heresy
106,"Lauren's ______ features, what you first noticed about her, were
her stunning black hair and large, dark eyes.
",savvy,affluent,predominant,universal,malicious
107,"Whenever Tom and I would argue he would ______ with his hands
and body to accentuate his point.
",interject,infuse,gesticulate,conjure,encumber
108,"Must we be subjected to your ______ complaints all day long?
",tiresome,fearsome,awesome,gleesome,wholesome
109,"The new political candidate refused to print ______ about her
aggressive opponent, but that did not stop him from printing lies
about her.
",dispensation,assignation,rendition,libel,compunction
110,"Awkwardly tall and prone to tripping over her own feet, Grace felt
her name was truly a ______.
",misnomer,preoccupation,universality,garrulity,benevolence
111,"Although the villagers' lives were profoundly different from her
own, Jing-Mae felt a deep ______ for the people when she served
in the Peace Corps.
",reparation,affinity,injunction,exigency,analogy
112,"Sometimes late at night Sharon would gaze joyfully at her children
as they slept and ______ in their innocence.
",sneer,ostracize,revel,repudiate,antiquate
113,"In the famous balcony scene, Romeo ______ Juliet's beauty in one
of the most romantic soliloquies ever written.
",sanctions,extols,peruses,beguiles,fetters
114,"It was ______ to think that it could possibly snow in the middle of
the desert.
",advantageous,philosophical,eroding,preventative,preposterous
115,"Every evening at the restaurant, the reporter would eavesdrop on
the Mayor's conversations in order to ______ any information that
could make headlines.
",ignore,glean,extol,extend,narrate
116,"The surgeon placed a ______ on the femoral artery to bind it
during the long and exhausting surgery.
",ligature,doctrine,premise,synopsis,degeneration
117,"By sheer ______ force, the men pushed the truck to the side of the
road and out of danger.
",virile,persnickety,meticulous,suave,contentious
118,"Based on his recent poor decisions, it was obvious that Seth lacked
even a ______ of good sense.
",debasement,diversion,disapprobation,submission,modicum
119,"To settle the dispute, the students elected a faculty member to
serve as a(n) ______.
",maverick,dystopia,arbiter,fiduciary,martyr
120,"The ______ newspaper accounts of the city scandal caused some
readers to question the truth of the stories.
",lurid,vivacious,blithesome,prolific,amicable
121,"The ______ man with amnesia was unable to recognize where
he was.
",endogenous,euphoric,nonplussed,amicable,pliable
122,"Justin's ______ solution to the problem revealed that he did not
spend much time considering the consequences.
",facile,obsolete,resilient,pristine,ardent
123,"The events of the evening ______ without difficulty despite the
lack of planning on the part of the host.
",expired,transpired,retired,ensured,extorted
124,"It is every American person's ______ to live the life he or she
chooses.
",composite,eloquence,prerogative,allusion,demise
125,"After the boisterous customers left the cafe without tipping, Carlos
______ at them through the restaurant's front window.
",interjected,jostled,glowered,emulated,skulked
126,"People often referred to Noelle as ______ because she trusted
everyone and even slept with her doors unlocked.
",naive,elevated,boastful,panoramic,elated
127,"Kinnel's re-election is being threatened by a growing ______ of
disgruntled union members.
",rogue,faction,pariah,guise,anathema
128,"The peasants passed their weary days in much ______ and little
comfort.
",pertinence,renown,travail,exile,repose
129,"Lyasia is a ______ of the clarinet; she has performed solos with
many orchestras and bands around the world.
",neophyte,novice,virtuoso,termagant,plethora
130,"The children knew that once their father made his decision, the
new rule would be ______ because he would never change his mind.
",irrevocable,articulate,premeditated,serried,discourteous
131,"The haunted house displayed ______ scenes in every room,
causing squeamish visitors to scream.
",preparatory,archaic,macabre,precocious,impetuous
132,"The concert audience was frustrated by the poor ______ of the
sounds coming from the speakers.
",modulation,recrimination,terminus,dissidence,assertion
133,"Please don't ______ me my success-I've worked hard to earn this
promotion!
",renege,begrudge,excise,staunch,vaunt
134,"With an ______ blow of the whistle, the meddling parent
interrupted the game to reiterate the rules of the tournament.
",industrious,illustrious,eloquent,officious,enviable
135,"The candidate's inappropriately sexist remark was met with a
______ of denunciations from the angry crowd.
",bastion,fusillade,melange,dichotomy,solecism
136,"The ______ employee decided to complain publicly about the
unacceptable working conditions.
",discreet,prudent,precarious,malcontent,stupendous
137,"The medicine man applied a sweet smelling ______ to the young
brave's wounds.
",triad,corrosive,parcel,unguent,pungent
138,"The judge dismissed the extraneous evidence because it was not
______ to the trial.
",pertinent,pretentious,synonymous,abject,inalienable
139,"The ______ nature of the song is supposed to be reminiscent of
shepherds calling to their flocks at night.
",vocative,endemic,surreptitious,preternatural,inane
140,"The ______ child caused great difficulties for her parents and
teachers because she refused to correct her bad behavior even in
the face of punishment.
",adorable,sincere,incorrigible,lamentable,demure
141,"The internist decided to treat the ______ with medication, but also
recommended rest and proper nutrition.
",malady,nonentity,missive,repository,nonchalance
142,"It was such a beautiful day that I decided to go for a ______ on my
bike down to the local park.
",expedition,jaunt,pilgrimage,repast,intimation
143,"The castaway's hut was ______ by the natives curious to see who
the intruder was upon their island.
",beset,surmised,precluded,garnered,lauded
144,"Sometimes my grandmother would ______ all different types of
thread so she could include more colors in the clothes she sewed.
",daunt,raddle,scrabble,thrush,empower
145,"The defense attorney's choice of words ______ that there were
other possible versions of the crime, but the jury was unconvinced.
",pervaded,insinuated,discounted,imposed,ensconced
146,"Ted's enthusiasm for becoming a professional drum player ______
when he realized he would have to practice several hours a day.
",waxed,waned,deranged,flouted,preempted
147,"Some would say Muzak is a(n) ______ form of music, a kind of
background noise designed to be heard but not listened to.
",arable,degenerate,volatile,pivotal,exemplary
148,"The teacher was dismissed for the ______ act of helping his
students cheat on the exam.
",steadfast,meritorious,unconscionable,pristine,fortuitous
149,"The reformed criminal could not forget his guilty past; he was in a
living state of ______.
",perdition,tact,composure,principle,veracity
150,"The ______ yoga instructor waited patiently for her students to
find the proper pose, which she performed with ease.
",unabashed,lissome,cosmopolitan,sneering,disparaging
151,"When we first meet Romeo, he is ______ over his unrequited love
for Rosaline.
",brooding,ogling,meandering,embellishing,groveling
152,"Because it had been worn and washed so often, Linus's favorite tshirt
was tattered and ______ with holes.
",salvaged,circulated,riddled,emulated,congregated
153,"Henley's ______ remarks about my presentation did not bother me
because I knew I'd done a good job.
",derogatory,voracious,tactile,capricious,amiable
154,"Eels swim using a rapid ______ motion that propels them through
the water.
",dissipating,undulating,eradicating,objurgating,irritating
155,"Sick and tired of her boring job, Cecilia began to ______ what it
would be like to quit.
",ponder,disengage,negate,relinquish,alleviate
156,"The way my father likes to ______with any salesperson to see if he
can bargain for a lower price is embarrassing.
",striate,variegate,capitulate,teem,wrangle
157,"The ______ construction crew built large new buildings all over the
East Coast, wherever the demand for qualified workers took them.
",laconic,irresolute,itinerant,parietal,peremptory
158,"The CEO's large expense accounts proved she was a ______
spender with the company's money.
",injurious,ineffectual,liberal,malignant,insolvent
159,"Daniela found the unchanging rhythm of the musical piece to be
annoyingly ______.
",recusant,monotonous,irreverent,coherent,redolent
160,"The young, thin boy surprised his wrestling opponent with his
______ strength.
",fraudulent,wiry,frolicsome,pretentious,endemic
161,"The new actress's talents were severely ______ by the local critics;
she went on to be a distinguished member of a well-respected
acting company.
",underrated,berated,placated,dissuaded,interred
162,"To hide his insecurity, Barton often acted like a ______ so that he
could make people laugh.
",buffoon,martyr,neophyte,plebian,wraith
163,"When Arnold's grandmother began to complain about the
excruciating pain in her knees and legs, she was referred to an
______ specialist for a diagnosis.
",optical,oral,archeological,osteopathic,psychological
164,"Charlie's ______ behavior made it clear that he had been highly
educated in matters of etiquette.
",decorous,surreptitious,erratic,caustic,irksome
165,"Staring at the ______ crystal blue water of the sea, Eileen thought
she had never seen anything so beautiful.
",flamboyant,appalling,devious,pristine,fiery
166,"Wearing the designer's latest fashions, the ______ clothing model
sashayed down the runway.
",jaunty,tranquil,fanatical,recessive,contemplative
167,"Given his ______ nature, it was appropriate that he decided to be a
trial lawyer after law school.
",lackluster,engrossed,penitent,litigious,obsolete
168,"After her relationship ended, Patty, feeling ______, insisted on
playing sad love songs repeatedly.
",infallible,plausible,formative,mawkish,persuasive
169,"Sanji went abroad as a ______ young man; when he returned two
years later, he seemed like an experienced man of the world.
",sardonic,egalitarian,reticent,callow,loquacious
170,"Normally distinguished and reserved, Robert would act ______
when he joined his friends to cheer for their old high school team
at annual the homecoming game.
",indignant,oafish,poignant,reputable,obdurate
171,"The protesters were concerned that the proposed legislation would
have a(n) ______ effect on the state's nature preserves.
",scintillating,deleterious,insipid,punctilious,parsimonious
172,"Not swayed by his student's ______ flattery, the professor told him
that his grade would not be changed.
",forlorn,striated,undulating,unctuous,frowsy
173,"Tonya found Isaac's public declarations of his love for her ______
and embarrassing.
",necrotic,intriguing,witless,malodorous,pliant
174,"The young kitten had a ______ look on its face when it noticed the
menacing dog entering the yard.
",servile,diligent,scornful,pavid,optimistic
175,"According to pirate lore, a terrible ______ would follow whoever
opened the treasure chest.
",precursor,precession,rendition,insurgence,malediction
176,"A(n) ______ spirit only causes more stress and strife; it is better to
forgive and forget.
",apathetic,restorative,flaccid,vindictive,fortuitous
177,"When we were renovating the old house, we found a(n) ______ of
$10 and $20 bills hidden inside the old laundry chute.
",odyssey,matrix,lament,fodder,cache
178,"Even though the pilot promised it was safe, Neil was ______ to fly
during a snowstorm.
",habitual,overzealous,pavid,reluctant,salacious
179,"Ron has few friends because he is ______ and cares only about
himself.
",mundane,intrepid,garrulous,voracious,egocentric
180,"The workers attempted to ______ the supervisor's authority by
negotiating terms with the clients themselves.
",contradict,instigate,resonate,placate,undermine
181,"The student failed his research paper because he chose to ______
material from a another author's work.
",authorize,stimulate,overrule,plagiarize,meditate
182,"The ______ old cowboy had a complexion that spoke of many
years in the desert sun, rounding up wild horses.
",secular,suave,turgid,wizened,truant
183,"The swimmer's back injury ______ his prospects for a gold medal
at the world championship competition.
",compelled,advanced,jeopardized,maintained,expounded
184,"As Ramiro strolled through his old neighborhood, he noticed
sounds and smells that were ______ of his childhood.
",belligerent,malleable,reminiscent,recondite,incessant
185,"Lynette had to learn the ______ of the insurance profession before
she felt comfortable describing products to her clients.
",lexicon,classicism,juncture,cessation,asperity
186,"Marta had to pay off her ______ to the credit card company before
she could get a mortgage.
",stipend,liability,remuneration,concession,consolidation
187,"The local high school issued a ______ on field trips until the bus
was repaired; then traveling could begin again.
",indispensability,divergence,moratorium,subjection,compulsion
188,"With Justine's ______ nature and passion for art, she would make
an excellent tour guide for the museum.
",volatile,congenial,servile,fledgling,trite
189,"Patrice was a(n) ______ girl when she was teenager-long-limbed
and constantly tripping over her own feet.
",blithe,resolute,ungainly,preternatural,conducive
190,"The employee's claim of being out with the flu did not seem very
______ because he returned from sick leave with a deep tan.
",inattentive,inarticulate,tactful,plausible,vulnerable
191,"The con man used his ______ to convince the elderly woman to
sign over her life savings to him.
",estuary,melee,flagrancy,malleability,wile
192,"Mike proved to be ______ throw after throw, hitting the carnival
dart game's bull's eye every time.
",sedentary,temporal,mediocre,infallible,infeasible
193,"Patrick, who was always joking, added ______ to the formal dinner,
which his sedate employer did not appreciate.
",contemplation,ordinance,tutelage,levity,sincerity
194,"Sunlight shining through a window was an obvious ______ in the
nearly every one of the artist's works.
",disjunction,hindrance,repugnance,motif,variance
195,"I like listening to Wesley go on about politics and social issues; his
opinions are ______ with my own beliefs.
",latent,explicit,consonant,ensconced,rife
196,"Most people will find the film silly and childish in its humor; the
most ______ viewers will find it downright crass and offensive.
",servile,petulant,fastidious,arcane,boisterous
197,"Even though he wanted to win the game, the coach felt that he
would be ______ if he let the injured quarterback continue to play.
",contentious,remiss,erudite,stringent,reputable
198,"The goal of any company is to have its product name become
______-constantly at the forefront of the consumer's mind.
",garrulous,unctuous,tremulous,ubiquitous,portentous
199,"During the holiday season, the ______ theme is ""Peace on Earth,
Goodwill Toward All.""
",mitigated,arrogant,controversial,prevalent,prestigious
200,"Our cottage by the sea offers many days of relaxation with warm
sunshine and soothing ______.
",zephyrs,dervishes,stanchions,ebbs,torques
201,"When Melinda arrived in the impoverished city, she was
immediately ______ by bands of children begging for food.
",bedraggled,accosted,infiltrated,rebuked,exacerbated
202,"According to the terms of the agreement, if Nicole defaulted on
her loan, she would have to ______ her house and car, both which
would become property of the bank.
",usurp,evince,debut,forfeit,stigmatize
203,"Tony was tired of roommate's petty ______ about his personal life,
so he moved out.
",appeasements,quips,quotas,rallies,iniquities
204,"The food at the buffet table was a ______ array of delights that
even the most disciplined dieter would find difficult to resist.
",tempestuous,tantamount,truculent,temporal,tantalizing
205,"After fighting the five-alarm fire, the ______ firefighter could not
relax enough to unwind and get some rest.
",amicable,treacherous,pliable,durable,overwrought
206,"For years Henry bore the ______ of being the only man in five
generations of his family not to make the varsity baseball team.
",stigma,brunt,treatise,scintillation,punctiliousness
207,"Tabitha found an overpriced dining table at the antique shop and
tried to ______ with the shopkeeper, but he refused to lower the
price.
",haggle,stipulate,annunciate,ruminate,confer
208,"The firefighter was ______ in the news for his heroic rescue of a
child from a burning house.
",mandated,inferred,reconstituted,augmented,lauded
209,"Although she was on a diet, Hannah intended to ______ in the
feast of Thanksgiving.
",dilate,enervate,expunge,nullify,partake
210,"The villagers locked their doors when they heard about the pirates
who were ______ unprotected villages along the island's coastline.
",reforming,marauding,reclaiming,conceding,recapitulating
211,"I could tell by Angelica's ______ tone that she was still very angry
with me.
",ingratiating,adjacent,oblique,acerbic,eloquent
212,"After years of living at a(n) ______ pace, Paola decided it was time
to slow down and learn how to relax.
",frenetic,pedestrian,pretentious,colloquial,insipid
213,"The hospital had an outbreak of chicken pox and was forced to
______ all patients and staff to prevent more infected victims.
",clandestine,saturate,germinate,quarantine,aggregate
214,"Living on several acres of land dotted with oak and maple trees
makes autumn leaf-raking a ______ task.
",fatuous,toilsome,tardy,obsequious,fawning
215,"Acting in the high school play served to ______ Ander's appetite
for professional acting.
",satiate,whet,purport,incriminate,corral
216,"It would take many hours of cleaning and repairing for the young
family to transform the ______ into a clean and comfortable little
cottage.
",territory,manor,hovel,demesne,hacienda
217,"Ms. Lu allowed her son a great deal of ______ in spending his
birthday money, because she believed it should be his decision.
",injunction,assimilation,latitude,declamation,stimulus
218,"It was once believed that alchemists could ______ common metals
to gold.
",transmute,commute,execute,repute,denote
219,"The close-up of the actor drinking the popular brand of cola in the
movie was a ______ display of commercialism.
",dispassionate,languid,apathetic,gratuitous,unpunctual
220,"Juneod was ______ after his alibi proved that he could not have
committed the crime.
",acquitted,protracted,derided,denounced,acquainted
221,"This summer's movies are ______ for audiences of escape-the-heat
mindless entertainment-not one film offers a substantive or even
plausible plot.
",privation,dulcet,jargon,fodder,germane
222,"The dictator used propaganda and intimidation to ______ the
revolution.
",prelude,intimate,congregate,irradiate,quell
223,"Standing on the ______, the preacher greeted the parishioners
every Sunday morning.
",steeple,pillar,parvis,manifestation,sensor
224,"Simona's ______ with her money caught up with her when she
didn't have the resources to buy a badly needed new car.
",miserliness,thriftiness,wantonness,intuition,predilection
225,"The architect designed the ceiling using wood ______ that would
remain uncovered, creating a rustic ambience in the living room.
",pediments,joists,mullions,banisters,abutments
226,"When the house on the corner burned down, the entire
neighborhood ______ together to help to the victims re-establish
their lives.
",rallied,recited,skulked,disintegrated,expedited
227,"The massage therapist's ______ fingers quickly eased the tension in
Blanche's back.
",deft,furtive,listless,tentative,blithe0
228,"Jade's parents were in ______ about the decision not to allow her
to drive the family car to the prom; they both agreed that it would
be unsafe.
",affluence,redress,refraction,discord,unison
229,"As she walked through the halls of her old grade school, Madeline
became ______, remembering her old friends and teachers.
",prolific,nostalgic,credulous,precocious,ambitious
230,"After being cleared of all charges for slander, the attorney was able
to go back to work and ______ his role as a prosecutor.
",inhibit,reprimand,remand,resume,dissipate
231,"Ignacio's pain was so ______ that he called 911.
",remiss,rapacious,genteel,resolute,acute
232,"The captain ______ the cargo to keep his ship afloat.
",rebuked,listed,disunited,flanked,jettisoned
233,"The teacher tried to ______ her class of their dependence on the
number lines pasted to the tops of their desks.
",wane,wax,whet,wean,wield
234,"The young girl was so full of enthusiasm and ______ that she
infected the room with energy.
",languidness,apathy,vivacity,blandness,tenacity
235,"Ricky is a ______ of the local coffee shop; you can find him there
just about every morning.
",diva,relic,denizen,maverick,pariah
236,"The child danced with ______ joy at hearing the news that her
father had arrived home from his lengthy business trip.
",staid,unbridled,stealthy,beneficial,restrained
237,"Having never left the landlocked Midwest his entire life, Albert
found that swimming in the ocean was quite a(n) ______.
",familiarity,extrovert,instinct,novelty,tabernacle
238,"The rowdy crowd at the music concert ______ Herve, and he
spilled his soda on his pants.
",jettisoned,harrowed,jostled,lauded,superceded
239,"Known for his strong command of the courtroom, it was common
knowledge that Judge Disantis considered outbursts from
defendants to be ______.
",questionable,objectionable,antisocial,pliable,visionary
240,"Blinded by ______, Nicholas accepted the job offer with the
highest pay but the least possibility of making him happy.
",ennui,heresy,infamy,avarice,temperance
241,"It was very unprofessional of you to ______ your assistant in front
of everyone at the meeting; she deserves more respect, and any
criticism of her performance should be done in private.
",placate,augment,usurp,preclude,deride
242,"The log cabin had a(n) ______ feel, so it was often enjoyed by
vacationers from the city throughout the year.
",abstract,ersatz,rustic,raucous,repellent
243,"We knew Jana had ______ motives for running for class president:
She wanted the nearby parking space that came with the office.
",anterior,interior,inferior,posterior,ulterior
244,"The town board heard many outraged and ______ arguments from
the citizens against the destruction of some wooded areas in order
to build a new mall.
",tenuous,vociferous,vacuous,satisfied,egregious
245,"The villainous gang's hideout was a den of ______ that no one
would dare to enter.
",innocence,habitants,iniquity,accolades,innovation
246,"Indigestion is a common ______ of participating in a hot-dog
eating contest.
",euphemism,penchant,corollary,juxtaposition,itinerary
247,"Although it was so ridiculous that no one believed it to be true, the
reporter's ______ still cost the governor his re-election.
",hegemony,sedition,malaise,compendium,calumny
248,"People on the street stopped to ______ over the artist's rendition
of the Eiffel Tower, amazed by his ability to capture the detail.
",bedazzle,innovate,gratify,counteract,objectify
249,"The veteran lieutenant was not happy with his ______ rank behind
the two inexperienced men.
",tertiary,silly,unctuous,superior,fastened
250,"The prime minister was admired by all, a(n) ______ even in an
environment of corruption and disdain.
",admonishment,alleviation,nonpareil,prototype,profanation
251,"The queen's ______ fell ill during his journey and was unable to
negotiate on her behalf when he arrived at the economic summit.
",penury,miscreant,emissary,denizen,zealot
252,"Tai was ______ by a series of setbacks that nearly made him miss
his deadline.
",ensconced,relegated,beleaguered,solicited,winnowed1
253,"New York boasts many ______ restaurants-places that are elegant
and frequented by famous movie stars, political figures, and other
elite members of society.
",pungent,posh,diminutive,mediocre,middling
254,"Patsy was shocked to discover how much higher her IQ was than
the ______.
",norm,stimulation,prudence,solitude,derivative
255,"Although she appeared confident, once she began her speech, the
valedictorian's ______ voice indicated her nervousness.
",supercilious,resonant,tenuous,placating,tremulous
256,"Danielle cannot seem to find her niche in life; she has changed her
______ at least three times in the past ten years.
",automation,vocation,plethora,pliancy,combustion
257,"The discovery of the new element was ______; the scientist was
looking for something else.
",insignificant,intrepid,eloquent,inadvertent,emollient
258,"A charming painting of a pleasant ______ landscape hung above
Vitaly's fireplace, in marked contrast to the noise and lights of the
bustling city outside his window.
",nascent,histrionic,bucolic,indigenous,ersatz
259,"Aidan, who has always been painfully shy, was very ______ by the
news that he would have to do a presentation in front of his
classmates.
",discomfited,circumvented,relegated,promulgated,castigated
260,"Since his parents had little money, Peter was ______ to his uncle
for paying for his college education.
",alleged,provided,obliged,demented,fortified
261,"With great ______, we stepped gingerly onto the planks of the
dilapidated bridge that spanned a rocky stream twenty feet below.
",trepidation,instigation,perdition,refraction,endowment
262,"At the risk of sounding like an ______, the teacher assigned extra
homework for the weekend.
",oaf,ogre,impost,alcove,anathema
263,"Felix felt that his mother's request to run her errands was a huge
______ since he would have rather watched a soccer match with his
friends that afternoon.
",justification,imposition,preponderance,deviation,recourse
264,"The paper was ______ so that it could be easily removed from the
bound notebook.
",voracious,infectious,fickle,perforated,fluent
265,"The mad scientist ______ the potion with acid, making it not only
useless, but also dangerous.
",corrugated,vitiated,implemented,instigated,titillated
266,"Jayne's paintings were not minimalist, but they were ______, using
only the most elemental and essential elements.
",elliptical,truculent,pernicious,perfunctory,abstemious
267,"Wendell's prolonged illness was the ______ that ignited his interest
in science and led to his illustrious career in medical research.
",hyperbole,catalyst,penchant,insolence,caveat
268,"Stopping to admire the ______ in the front yard, the young woman
continued on with her gardening duties.
",paradigm,compost,clutter,oleander,patagium
269,"The river, ______ with new-fallen rain, overflowed its banks and
flooded the tiny village in a matter of hours.
",placated,turgid,redundant,equivalent,quarantined
270,"In a(n) ______ expression of pleasure, the infant clapped her hands
and squealed with joy.
",overt,obligatory,illusive,peremptory,turbulent
271,"Paula's ______ humor does not amuse many people; rather many
find it offensive and hurtful.
",nebulous,truncated,stoic,vitriolic,flirtatious
272,"The play's ______ debut was not a good sign for the struggling
producer.
",unsubstantial,inauspicious,copious,disembodied,immaterial
273,"At one time it was in ______ for women to wear gloves and hats
whenever they were out in public.
",gore,gauge,vogue,brawn,vain
274,"To ensure that Brenda wouldn't know where we were going for her
birthday, I took the most ______ route I could think of.
",ardent,craven,enigmatic,circuitous,mercurial
275,"The editorial was essentially a(n) ______ to the governor, praising
her for her enactment of a series of environmental laws and for
balancing the state budget for the first time in 20 years.
",juggernaut,imprecation,cabal,oeuvre,encomium
276,"Claude felt particularly ______ as he carried the large satchel filled
with cash through the dark streets to the bank.
",inclusive,vulnerable,reclusive,unwieldy,torrential
277,"Niall's ______ attitude toward the boss is embarrassing; he does
nearly everything for him except scratch his nose!
",subservient,subversive,subtle,sundry,surly2
278,"Although she was a successful professional, Debra's inability to
accurately complete her taxes made her feel a bit ______.
",endowed,rapturous,ravenous,obtuse,elated
279,"Jeremy didn't want to appear ______, but his brothers simply could
not convince him to change his mind.
",pitiful,scrupulous,harmonious,obstinate,unabated
280,"Buying homeowner's insurance is a wise decision because it
provides ______ if your house should be damaged in a fire.
",chastisement,indemnity,clarification,resolution,annulment
281,"Although it was supposed to be written for the general public, the
report was so ______ that only those with inside knowledge of
government workings could understand it.
",indigenous,ebullient,truculent,pugnacious,esoteric
282,"Todd set up a rope to ______ the part of the exhibit that was offlimits.
",circumscribe,laud,efface,undulate,beguile
283,"The loud clap of thunder caused the little dog to ______ all over.
",slather,quake,enunciate,binge,infuse
284,"Francois fell into a groggy ______ after having suffered a high
fever for several days.
",profundity,sluggard,verve,stupor,grovel
285,"Blaine had a tendency to ______ certain details of his evenings out
when he didn't want his parents to know where he had been.
",excel,oscillate,corroborate,juxtapose,omit
286,"We took pity on the young ______ and brought him to a shelter
where he could find food and warmth.
",waif,perfidy,ionic,plaintiff,troubadour
287,"The fire caused ______ damage to the warehouse, which forced the
owner to demolish the building.
",sanctified,equitable,preliminary,irreparable,pretentious
288,"When people are in love, they may find their beloved's ______-
often annoying to or disparaged by others-to be charming and
endearing.
",foibles,mendacity,ennui,aplomb,penchants
289,"Terreh was able to ______ the traffic jam by taking a series of oneway
streets that led to the bridge.
",staunch,diffuse,corroborate,circumvent,juxtapose
290,"The risk of cheating on the test was not worth the possible ______
of failing the class.
",specification,gratification,ramification,narcissism,renegade
291,"We found that the gallons of water we had brought on our hike
were ______, and we had to carry the extra bottles home.
",superannuated,extraordinary,derivative,superfluous,untenable
292,"Moving all the heavy cinder blocks by hand from the driveway to
the backyard seemed like a(n) ______ task.
",precipitous,poignant,onerous,salient,gallant
293,"Claudia's ______ face gave no clue to her hard, cold heart.
",winsome,gruesome,fatuous,ironic,flaccid
294,"Keeping hot peppers in the olive oil ______ it with a spicy kick.
",contemplates,stigmatizes,scrutinizes,infuses,defames
295,"She realized mortgage rates had declined and decided it was
______ to continue paying rent when she could now afford a
monthly payment for her own home.
",referable,relative,subsequent,episodic,inexpedient
296,"The deadline has been moved to this Friday, so we must ______
our efforts and complete the project earlier than we had planned.
",wane,ruminate,burnish,pilfer,expedite
297,"As the city grew and stretched its borders, it began to feel the
______ problems of urban sprawl and overpopulation.
",improvident,mendacious,ersatz,concomitant,surreptitious
298,"Terrance, a dentist, ______ to be with the media, so he could see
the concert for free.
",facilitated,conjugated,purported,tended,placated
299,"______ on a lounge chair by the pool was the very tan owner of the
estate, relaxing in the midday sunshine.
",Trident,Renegade,Fraught,Renowned,Supine
300,"Observing his sister's ______ behavior of riding without a helmet,
Jorge ran to get his mother.
",contemptuous,contented,fictitious,parlous,pensive
301,"In an attempt to ______ the enemy, Braveheart rallied hundreds of
fierce warriors.
",alienate,scoff,obliterate,ostracize,minimize
302,"The film was completed on schedule despite the ______
circumstances regarding the location and extreme weather
conditions.
",tenuous,imperial,cryptic,contrived,adverse3
303,"The postcard advertised a free cruise to anyone who bought a
magazine subscription, but after reading the fine print Sasha found
the cruise was just a ______.
",petition,gimmick,compromise,reference,motif
304,"Many employers like to visit college campuses and ______ college
seniors to work for their companies.
",daunt,recruit,illuminate,dither,flout
305,"I could tell by Konrad's ______ manner that he was really sorry for
how he had treated Annette.
",callous,erratic,zealous,nonchalant,contrite
306,"The company officials felt the rising cost of health coverage was
______ enough to raise their employees' insurance premiums.
",moratorium,justification,symbolism,disposition,habitude
307,"The ______ of the sheriff's department ended at the county line.
",prerequisite,emendation,alliteration,jurisdiction,respite
308,"Ralph plays golf every chance he gets; even a weeklong golfing
vacation could not ______ his appetite for the game.
",initiate,satiate,relinquish,revive,employ
309,"We could not describe the scene before us; it was filled with such
______ beauty.
",inexorable,unutterable,uproarious,mnemonic,fretful
310,"The subject matter was ______ because the mumbling professor
spoke too quickly.
",obscure,magnanimous,treacherous,vital,maximized
311,"Arnie becomes so ______ when he talks about painting that it is
hard not to be infected by his enthusiasm.
",laconic,circuitous,impertinent,ardent,recalcitrant
312,"The cruise ship's deliciously appetizing dinner buffets encouraged
______ among the vacationing passengers.
",gluttony,squabbling,equivocation,restraint,queries
313,"As the pressures of her business became overwhelming, Charlotte
chose to ______ her role as PTA president.
",expedite,transgress,propagate,relinquish,retaliate
314,"Don't let Julie's enthusiasm fool you; she's just a ______, not a
professional dancer.
",maverick,denizen,mercenary,maven,dilettante
315,"Normally, Maya would not have made so many spelling mistakes in
her essay; she is usually ______ about her spelling.
",sumptuous,scurrilous,ridiculous,scrupulous,fatuous
316,"It took four men two hours to move the ______ sofa up three
flights of stairs into our apartment.
",suave,garrulous,unwieldy,pivotal,quixotic
317,"In the Roman myth, Artemis made a pilgrimage to the ______,
hoping to learn the answer to her dilemma.
",denouement,decorum,oracle,vizier,pillar
318,"Orson was truly a(n) ______: towering over others at six feet nine
inches, he was also one of the most influential and successful
producers in the feature film industry.
",behemoth,anathema,demagogue,viceroy,charlatan
319,"Brian was an ______ child, he was sent to the principal's office on
numerous occasions for his rude classroom behavior.
",impeccable,impertinent,observant,obscure,adjuvant
320,"The defendant waited anxiously for the jury to ______ the decision
that would seal his fate.
",render,deprecate,rejuvenate,disparage,prohibit
321,"We must ______ the information about the agenda changes
immediately so that the conference attendees have time to adjust
their schedules.
",burnish,disseminate,galvanize,placate,admonish
322,"During the time of the plague in the little village, the forlorn
______ of the church bells was an almost daily sound.
",prepossession,premise,delectation,knell,credence
323,"If you can adhere to the ______ rules of a military society, the
Marines may be an excellent career choice.
",strident,raucous,stringent,pedantic,lurid
324,"The natural ______ of the canyon cause it to be an everlasting
source of new adventures and beauty.
",blandishments,vicissitudes,mores,platitudes,nebulas
325,"A life-long vegetarian, Xiomara ______ when she learned that the
sauce she'd just eaten was made with chicken broth.
",wavered,blanched,coalesced,stagnated,thwarted
326,"At the beginning of the ceremony, the high school band ______
the arrival of the graduates by playing the alma mater loudly and
with enthusiasm.
",decried,heralded,permeated,conjured,thwarted
327,"Although Sophie was afraid of heights, she seemed to have no
______ about driving over bridges.
",enormity,qualms,imminence,resurrection,severity4
328,"I will write a rough draft of the proposal, and then you can edit it
for any ______ material so that it is as convincing and concise as
possible.
",grandiose,incontrovertible,extraneous,abysmal,pensive
329,"I had to call the repairman because the washing machine was off
______-it began making terrible sounds and failed to clean the
clothes thoroughly.
",detriment,preferment,prevision,kilter,quandary
330,"Minnie finally ______ to her sister's constant barrage of questions
and revealed the identity of her new boyfriend.
",reiterated,succumbed,seceded,reneged,retaliated
331,"The meeting is ______; everyone must attend.
",palatable,compulsory,reciprocal,resilient,ancillary
332,"Through the ______ act of volunteering, it is possible to make a
difference in the lives of the less fortunate.
",dilatory,insurmountable,diligent,rapacious,noble
333,"The proposed design includes many ______ features that are not
functional and can be eliminated to cut costs.
",jovial,germane,kinetic,nonchalant,extrinsic
334,"Carly's ______ spending on shoes and clothing caused her parents
a great deal of concern because she was no longer saving money
for college.
",monotypic,inconsistent,perfunctory,immoderate,specious
335,"The cop was in a ______: Should he chase the criminal or help the
victim?
",quandary,litany,tatter,discord,plethora
336,"The professor studied the ______ physics of ballet dancers and
even published a study on the topic of dancers and movement.
",creditable,kinetic,symbolic,prevalent,monotonous
337,"Kyle was able to ______ the difficulties of an uncooperative staff,
an impossible deadline, and a complicated project in order to
present the report to the client.
",surmount,dismount,retract,expel,intercede
338,"Philbert's ______ manner fit in well with the atmosphere of the
posh country club.
",untoward,riotous,mundane,salacious,urbane
339,"Elian tried his ______ on the wrong person, and it has finally
landed him in jail.
",clemency,jocularity,calamity,obsolescence,chicanery
340,"There were several ______ buildings on the street, making it
difficult for Margaret to determine which one was the dentist's
office.
",nondescript,transient,impervious,zealous,impressionable
341,"Inflated by his fans' ______, Evan lost sense of his small-town
roots and began traveling with an entourage.
",inconstancy,insolence,haughtiness,sufferance,idolatry
342,"To ______ a congressional bill, the president must use his official
seal on all documents.
",nullify,patronize,victimize,ratify,mollify
343,"The drama workshop's efforts ______ in the final production of a
play written, directed, and acted by the students for the entire
school.
",finalized,languished,teemed,discerned,culminated
344,"There is no way around it: plagiarism is ______ to thievery.
",tantamount,apathetic,fatuous,unscrupulous,indecisive
345,"For ______ deeds during her mission overseas, Tyesha was
awarded the Congressional Medal of Honor.
",inept,valorous,erroneous,malodorous,benign
346,"Adam read the employee manual so that he might ______ himself
with his new responsibilities at the company.
",relinquish,synthesize,orient,validate,motivate
347,"I am ______ of the problems that this solution will cause, but I still
believe that this is the best possible solution.
",innocuous,cognizant,precipitous,reminiscent,belligerent
348,"The spectacular presentation by a rainforest adventurer ______
Simon with the desire to travel to South America to see the jungles
for himself.
",disheartened,inhibited,imbued,reconstituted,abhorred
349,"When the senator's popularity suffered in the polls, he ______ his
decision to raise taxes.
",recanted,pulverized,enveloped,detracted,extenuated
350,"Because of the ______ of reliable information, Quentin's report
was comprised mostly of speculation.
",dearth,diatribe,myriad,juxtaposition,tirade
351,"Teachers should not only be knowledgeable but also ______;
students should feel comfortable approaching them with questions
or problems.
",wheedling,patronizing,laconic,affable,frugal
352,"The pain medication Kristy received after surgery offered relief;
however, the overwhelming feeling of ______ was an unexpected
side effect, and she didn't like being groggy.
",extortion,compellation,acquisition,affirmation,lethargy5
353,"The ski lodge had a window that looked out upon a beautiful
mountain ______.
",vista,melee,fray,foray,frieze
354,"The palace's great hall was rich in history and splendor, the walls
hung with ______ tapestries.
",mellifluous,malleable,prudent,illusive,ornate
355,"After weeks of heavy rains, the earth gave way; mud and trees
______ down the mountain swallowing cars and houses in their path.
",ascended,inculcated,aspersed,hurtled,entreated
356,"The ______ butter had been left in the refrigerator for years.
",complacent,scandalous,riveting,dire,rancid
357,"Several weeks of extremely hot, dry weather ______ the land, so
instead of rowing across a river, we walked across a cracked,
parched riverbed.
",oscillated,desiccated,subverted,coalesced,thwarted
358,"The pitcher's ______ workout regimen was the most grueling of all
his teammates, and he never took a day off.
",Spartan,spasmodic,exclusive,turgid,truculent
359,"Ethan's responses when he spoke on the telephone were ______
and he nearly always made his customers think he was rude.
",receptive,laconic,uncanny,suave,ponderous
360,"I was bored with the ______ conversation of my roommates and
longed for some intellectual stimulation.
",egregious,pronounced,vapid,intriguing,exonerating
361,"Ned's fear was ______ as he watched the 60-foot waves approach
his little boat.
",futile,genteel,innovative,palpable,detrimental
362,"Moving swiftly and gracefully through the backyard, the cat
suddenly ______ when she hit the thorny bush.
",recoiled,recuperated,invigorated,fabricated,throttled
363,"Although others were fooled by ""Doctor"" Winston's speech, Lily
knew him for what he was: a(n) ______.
",panacea,charlatan,prevarication,accolade,primadonna
364,"The task of building the cabin was a ______ one, but Rob was up
to the challenge.
",laborious,venerable,archaic,cynical,unbiased
365,"After the neighbor's stereo woke her up for the fifth night in a row,
Brenda felt ______ to complain.
",impelled,rebuked,augmented,implicated,destined
366,"Carter is writing a letter of recommendation that I can include in
my ______ for prospective employers.
",denunciation,panacea,dossier,incantation,restitution
367,"______ laughter came from the upstairs apartment where Trang
was having a graduation party.
",Scurrilous,Deleterious,Fatuous,Uproarious,Malicious
368,"In the middle of his eloquent ______, the audience suddenly broke
into applause.
",ovation,oration,inclination,provocation,illusion
369,"I like the ______ style of these essays; they make complex issues
accessible by presenting them in everyday language.
",colloquial,obsolete,pristine,exacting,furtive
370,"A diamond ring is the ______ symbol of love and affection.
",precocious,fugacious,supplemental,quintessential,barbarous
371,"Allen's ______ distanced him from his family, but he was still
unwilling to apologize.
",regeneration,contingency,equivalence,impenitence,innovation
372,"Nothing will ______ my memory of the night we first met; the
images are forever burned in my mind.
",appease,undulate,inculcate,efface,truncate
373,"With the curtains drawn back, the room was ______ with warm
sunlight.
",recessed,intruded,suffused,belied,taut
374,"The devastating drought forced the ______ tribes of the rainforest
to leave their homes and venture into the modern world.
",indigenous,puritanical,indigent,imminent,munificent
375,"Jason's ______ approach to management included narrowing the
salary gap between the CEOs and office workers.
",stoic,apathetic,utilitarian,endemic,proactive
376,"If people continue to ______ the rainforests, soon they will
disappear from the earth.
",dominate,frolic,laminate,neglect,provoke
377,"My parents always seem to worry and ______ more about money
when tax season is approaching.
",proximate,quibble,supplicate,dabble,alienate6
378,"While the king and the members of his court lived in the most
opulent luxury, the peasants in his kingdom lived in the most
______ poverty.
",abject,incessant,relinquished,erratic,lugubrious
379,"Samantha had an ______ trust in her grandfather, who was an
honorable man and kind to everyone he met.
",implicit,insecure,irreverent,irresolute,astringent
380,"Antonello searched the forest around his campsite for small
branches to ______ the fire, so he could eventually cook his dinner.
",stifle,kindle,suppress,dissipate,prohibit
381,"Although I meant it as a compliment, Zander ______ my remark as
an insult.
",construed,eradicated,truncated,permeated,redacted
382,"The sailor's ______ complexion bespoke his many sunny days at
the lookout post.
",swarthy,syncopated,pallid,wan,pasty
383,"Tanya is a ______ person, trusted by all who know her.
",porous,voracious,spurious,specious,veracious
384,"After the third relative was hired to an upper-level position, several
people quit the company, claiming that ______ caused a decline in
employee morale.
",carrion,explicitness,skepticism,devotion,nepotism
385,"Genevieve's stunning debut performance at the city opera has
earned her ______ from some of the city's toughest critics.
",antipathy,insinuations,destitution,lamentations,accolades
386,"The shaggy neon couch was a(n) ______ in the conservative room
decorated with earth tones.
",incongruity,insinuation,temerity,reiteration,intonation
387,"Harris tried to ______ his fear of flying when he boarded the
plane, but he could not curb his anxiety.
",accelerate,expound,maximize,employ,repress
388,"Gabi found that whenever she was confused about an idea or issue,
writing about it would help ______ her true feelings.
",vacillate,elucidate,wheedle,deprecate,indoctrinate
389,"After the powerful windstorm, Marie discovered a splintered and
fallen tree limb had ______ the vinyl lining of her swimming pool.
",extenuated,calculated,retaliated,lacerated,curtailed
390,"Johnny's good behavior in class yesterday was ______ by his
disruptive outbursts in Math this morning.
",abated,negated,reiterated,mandated,nominated
391,"Jason and Joshua made ______ plans to meet in the cafeteria to
study for the test, provided Jason's class ended on time.
",beguiling,tenuous,assured,tentative,promotional
392,"The professor's lectures were filled with excessive ______, lasting
much longer than was necessary to convey his ideas.
",verbiage,herbage,maliciousness,portent,intrigue
393,"Ming's blatant lie revealed that he suffered no ______ about being
dishonest to his parents.
",compunction,repudiation,vindication,evanescence,veracity
394,"Diane, always teasing, was known for her ______ , but as a result,
nobody knew when to take her seriously.
",jocularity,servitude,logic,austerity,inclemency
395,"""Absolute power corrupts absolutely,"" said Haines. ""There is no
such thing as a(n) ______ who is not a corrupt and cruel ruler.""
",imbroglio,pedant,despot,agnostic,archetype
396,"During his ______ in office the mayor made several controversial
decisions about city planning.
",treatise,integration,teem,flout,tenure
397,"Recovering from the tragedy, Helena found the ______ sunrise
reassuring, as it gave her something to rely on each and every
morning.
",hidden,clairvoyant,cognizant,deft,quotidian
398,"Flaws in Claire's opponent's chess game showed him to be ______,
and Claire knew her victory was assured.
",predatory,indistinguishable,ornery,vincible,resolute
399,"The ad didn't mention a specific salary; it just said ""compensation
______ with experience.""
",compulsory,manifest,prolific,commensurate,precluded
400,"The ______ she felt for shopping made it impossible for her to
walk by a sale window without stopping.
",providence,blunder,omission,repulsion,estrus
401,"The owners of the bed-and-breakfast were extremely ______ to
their guests, who enjoyed elegant meals, prompt service, and
beautifully decorated rooms.
",hospitable,hostile,remiss,gallant,indomitable
402,"Homeless people often lead a(n) ______ lifestyle because they
repeatedly get uprooted from the streets and alleys where they live.
",aristocratic,platonic,analytic,nomadic,ballistic7
403,"Linda's ______ for picking the right stocks made her a very
wealthy woman.
",knack,reception,rendition,impropriety,concourse
404,"Computers and word processing software have made the art of
hand-writing letters virtually ______.
",barren,boisterous,obsolete,dignified,relevant
405,"Marco has an irresistibly ______ manner that many young women
find charming and attractive.
",obstinate,staid,bland,supple,suave
406,"Chantel kept the ______ of her beloved foremost in her mind as
she traveled to countries far and wide in her quest to find him.
",prelude,armistice,hirsute,presage,visage
407,"The cozy beach cottage was only ______ for summer tenants
because it lacked the insulation to make a winter stay comfortable.
",stagnant,erroneous,resilient,habitable,ineffective
408,"The settlers decided to build their town at the ______ of two
rivers; that settlement became the city of Pittsburgh.
",veneer,lexicon,hiatus,tirade,confluence
409,"Furious that Lou had lied about his references, Noi ______ her
decision to promote him to assistant manager.
",elevated,incriminated,complied,rescinded,fortified
410,"To prove your theory, you need to design an experiment that will
provide ______ evidence.
",perfunctory,elusive,noxious,empirical,lamentable
411,"Rachel's mother was appalled by the amount of ______ humor on
television during hours when young children were still awake.
",fraudulent,senile,proportional,lascivious,laborious
412,"The scared boy on the roller coaster made sure his seatbelt was
______ across his body.
",slack,taut,trite,striated,curt
413,"The female fox's ______ over her burrow indicates that she has just
birthed her young.
",vendetta,preening,vigilance,sepulcher,rendezvous
414,"After Ginger banged her head, she noticed that a large lump began
to ______ from her forehead.
",invade,provoke,sustain,obtrude,elevate
415,"The devoted fans paid ______ to the late singer by placing flowers
on his memorial and by holding burning votive candles.
",tariffs,accouterment,retrospection,appraisement,homage
416,"Losing his entire business to the flood, Bill's only ______ was to
file bankruptcy.
",dross,enigma,fervor,imprecation,recourse
417,"The new evidence convinced the District Attorney to overturn
Martin's conviction and ______ him.
",appropriate,truncate,elucidate,exonerate,protract
418,"Christopher hired a tree-trimming crew to cut the ______
branches of the pine tree that were scraping the side of his house.
",fastidious,lateral,nebulous,abject,recessive
419,"We both knew our summer romance was ______ , and we would
just be memories in each other's minds by the winter.
",restorative,tempting,temporal,understated,indecisive
420,"The dissatisfied workers spread their ______ attitudes among
themselves until there was a danger of a full-scale rebellion against
the owners of the factory.
",paradoxical,monochromatic,benign,virulent,portentous
421,"The junkyard was littered with ______ objects, making it unsightly
to the neighborhood behind it.
",otiose,obtuse,jovial,decorative,buoyant
422,"Although Maya's ______ sensibilities are quite different from mine,
I think she is a remarkable interior decorator and I recommend her
highly.
",aesthetic,dialectical,reclusive,synthetic,mercurial
423,"The meticulous art student arranged her paint colors by a
darkening ______ on her palette.
",limitation,gradation,moratorium,juncture,tincture
424,"J.P. recalled running through the ______ of tall rows of corn stalks
that dominated his grandfather's summer garden.
",terminals,temperament,labyrinth,basin,deference
425,"Peter displayed an air of ______ when the officer asked him if he
knew the speed limit.
",omniscience,obstinacy,nescience,obstetrics,platitude
426,"I have tried for years to get close to my brother Rae, but he has
always remained ______.
",cognizant,assiduous,vociferous,aloof,accommodating
427,"In his later years, the once wildly successful gambler lost his
fortune, and became a homeless ______ on the streets of Las
Vegas.
",granger,miser,strategist,vagabond,speculator8
428,"______ animals are able to survive easily in the wilderness because,
for example, they can live on berries or insects.
",Omnipotent,Omnivorous,Luminous,Lavish,Precarious
429,"Sally had planted the seeds in the greenhouse three weeks ago;
they would begin to ______ any day now.
",germinate,revolve,tint,ratify,modulate
430,"Julia's parents gave her one ______ regarding her new job: It could
not interfere with her schoolwork.
",procession,consensus,manifestation,provision,reprieve
431,"Despite enthusiastic efforts from the supporting cast, the critics
agreed the star of the play gave a ______ performance, ruining the
chance of lucrative box office sales.
",infallible,vigorous,victorious,felicitous,lackluster
432,"The tenor's ______ voice filled the concert hall.
",sinuous,timid,tenuous,sonorous,striated
433,"After the fire, there were ashes in every ______ of the old
farmhouse.
",belfry,reprieve,tangent,orifice,tribunal
434,"Luanne experiences serious ______ whenever she climbs several
flights of steep stairs.
",vertigo,inebriation,exoneration,fallacy,plethora
435,"The ______ of the successful product idea was attributed to the
extraordinarily creative company president.
",demise,genesis,symmetry,repletion,dominion
436,"When the company reached it's ______ of hiring one hundred
college graduates, they proceeded to recruit older, more
experienced candidates.
",quota,hybrid,detriment,fiasco,malady
437,"After her extended illness, Delia experienced a long period of
______ when she did not want to work, exercise, or clean.
",languor,arrogance,insolence,forethought,recompense
438,"Floyd has a distinctive ______ to his voice-easily recognizable
over the phone.
",viscosity,brawn,timbre,diadem,ingenuity
439,"The house was consumed in flames and not a ______ of it
remained after the fire.
",vestige,visage,vestibule,vicissitude,viceroy
440,"David felt as if the family picnic would be a(n) ______ time to talk
with his grandmother about her plans for the holidays.
",opportune,disastrous,unctuous,trite,surly
441,"The children were ______ for eating the whole batch of cookies
before dinner.
",indignant,belittled,chagrined,eluded,admonished
442,"During his routine, the stand-up comic refused to be shaken by the
heckler who ______ him every few minutes.
",ignored,abetted,enforced,gibed,cited
443,"Going away for spring break was not in the ______ of possibility,
since neither Helga nor Olga had any money.
",fascism,fulcrum,introversion,realm,nadir
444,"Oscar ______ his sister not to tell their mother what he had done,
for he knew his punishment would be severe.
",beguiled,vied,exhorted,maligned,corroborated
445,"______ were in order as James performed brilliantly on stage in his
first role as an understudy.
",Pathos,Ignominies,Kudos,Subsidies,Statutes
446,"The Boston Tea Party happened because the Americans believed
the British tea taxes were ______ the rights of the colonists.
",trespassing,reviling,sublimating,transgressing,entreating
447,"The old bridge's steel ______ were rusty and in need of repair.
",piers,campaniles,manacles,girders,spindles
448,"The budding flowers, warm breezes, and birth of young animals
suggest the much-welcomed ______ atmosphere in the country
after a long, hard winter.
",venial,menial,venal,vernal,verbal
449,"Since she had not exercised in five years, Margarita attempt to jog
five miles on her first day of cardio-training was a little ______.
",pessimistic,irrelevant,trivial,quixotic,relieved
450,"The legal internship program was developed under the ______ of
the district attorney's office.
",bastion,propensity,aegis,faction,cacophony
451,"Frank feels such ______ towards his ex-business partner that he
cannot stand to be in the same room with him.
",iniquity,collusion,avarice,pallor,animosity
452,"Ronaldo celebrated the gathering of his ______ on Thanksgiving
Day and spoke with relatives he had not seen in a long time.
",commonwealth,surrogates,representatives,kindred,infidels9
453,"After sitting in the contentious board meeting for two hours,
Allen's necktie began to feel like a ______ around his neck.
",decorum,garland,noose,renegade,monstrosity
454,"Even though he hated to work holidays and weekends, Trevor
hoped that his paycheck would serve as ______ for the time spent
away from his family.
",metamorphism,restitution,enunciation,proclamation,kismet
455,"Amanda's parents were shocked by her ______ decision to quit her
job without notice and move to Hollywood.
",conscientious,affable,placid,languid,impetuous
456,"The catlike movements of the sneaky ______ served him well when
he picked pockets among the tourists on the crowded boardwalk.
",forerunner,knave,vigilante,dignitary,bureaucrat
457,"The student's ______ language offended many others in the class.
",obsequious,studious,scanty,surreptitious,scurrilous
458,"In winter, the frost on a car's windshield can be ______ to the
driver.
",lurid,obstructive,cynical,purified,salvageable
459,"The prom was a ______ royal ball with so many handsome young
men and beautiful young ladies dressed to the ultimate formality.
",affable,virtual,corrosive,deleterious,inevitable
460,"As the roller coaster inched to the top of the hill, Helena could feel
her heart begin to ______.
",exfoliate,dominate,reattribute,palpitate,ventilate
461,"Paul's ______ humor is sometimes lost on those who take his
comments too literally.
",piquant,wry,florid,placid,negligible
462,"Hearing her sister approach, Marie-Helene attempted to appear
______ as she quickly hid the birthday gift behind her back.
",flamboyant,stoic,pivotal,crass,nonchalant
463,"The knight sought to ______ his broadsword in such a menacing
fashion as to frighten his attacker away.
",warrant,procure,placate,wield,ensue
464,"At the banquet, the disappearance of the woman's jeweled bracelet
from her wrist appeared to be the ______ of an accomplished thief.
",attrition,sledge,sleight,dismastment,regalia
465,"Something went ______ in our experiment, and instead of creating
a green odorless vapor, we ended up with a noxious red liquid that
stunk up the laboratory for days.
",hoary,awry,listless,derogatory,dilatory
466,"When the movie star slipped out the back door of the hotel, the
paparazzi adroitly gathered their ______ and raced around the
building to catch her.
",pandemonium,tenor,paraphernalia,venue,propaganda
467,"Since Shane won the lottery, he has been living a life of ______
luxury, buying whatever he desires and traveling around the world
in his 100-foot yacht as he is waited on hand and foot by a bevy of
butlers, cooks, and maids.
",arrant,vitriolic,ribald,seditious,fatuous
468,"Confronted by his mother, the ______ four-year-old could not lie
about scribbling on his bedroom walls with purple and blue
markers.
",guileless,inauspicious,untarnished,indiscriminate,vexed
469,"The artist attempted to ______ the painting by adding people
dressed in bright colors in the foreground.
",excoriate,amplify,eradicate,vivify,inculcate
470,"The artist drew the picture with such ______ that it was possible to
count every blade of grass that he painted.
",blasphemy,philosophy,nicety,consensus,purveyance
471,"The highly publicized nature of the trial caused the judge to
______ the jury in order to shield members from evidence that
might sway their verdict.
",quarantine,retract,sequester,integrate,assimilate
472,"Jillian was ______ by the contradictory diagnoses she received and
decided she needed a third opinion.
",intimidated,effaced,girded,usurped,bemused
473,"Because he was antsy from having eaten too much candy, little
William was unable to ______ himself in a respectable manner
during the ceremony.
",garner,quell,surmise,comport,subjugate
474,"The chemistry professor believed her students could do better on
their exams by searching for their own, and encouraged
the class to apply the ______ method to prepare.
",punctilious,nonconformist,salubrious,heuristic,determinate
475,"Bea was known for her loud and domineering personality and was
considered a ______ by many who knew her.
",banality,debutante,scapegoat,trifle,virago
476,"Even though he was only in kindergarten, Joel was very ______
and could intuit when his teacher was not pleased with his
behavior.
",obtuse,oblivious,inept,perceptive,indolent
477,"During his many years of hard work, Paul was promoted several
times and began to rise through the bank's ______ of employees.
",declassification,surplus,hierarchy,principality,dominion0
478,"The heat was absolutely ______, making everyone irritable, sweaty,
and uncomfortable.
",taciturn,salient,replete,prosaic,oppressive
479,"The biology students were assigned the task of testing the ______ ,
but did not have enough time to prove its validity.
",lexicon,hypothesis,motif,platitude,genesis
480,"It had rained all afternoon, but the fans were still ______ that the
baseball game would still be played.
",pessimistic,sadistic,optimistic,domineering,truant
481,"If you have any special needs or requests, speak to Val; she's the
one with the most ______ around here.
",synergy,clout,affinity,guile,infamy
482,"Because Virgil had been so ______ as a child, he had an extremely
difficult time adjusting when he enrolled in the military academy.
",fettered,intrepid,coddled,pallid,odious
483,"Far from being a ______, Bob gets up at dawn every morning to
prepare for a long day at work after which he attends classes in
evening.
",moderator,drone,replica,sycophant,sluggard
484,"The vulgarity used by the football fans at the stadium was ______
and eventually lead to a penalty for the team.
",rakish,quiescent,sagacious,reproachable,mundane
485,"After the debate, Karim ______ upon many of the campaign issues
in a series of detailed editorials.
",expounded,ebbed,doffed,temporized,wrought
486,"Since the judge hearing the case was related to one of the
defendants, she felt she could not offer a truly ______ opinion.
",unbiased,indifferent,unilateral,uninterested,understated
487,"Abdul found his ten-hour shifts at the paper clip factory repetitive
and ______.
",fatuous,nebulous,malleable,indelible,wearisome
488,"Jonelle is a(n) ______ of the kind of student we seek: someone who
is both academically strong and actively involved in the
community.
",paradox,exemplar,catalyst,mandate,harbinger
489,"Tomas is a(n) ______ businessman who knows a good opportunity
when he sees it.
",insolent,astute,mercurial,indifferent,volatile
490,"Sean would ______ whenever it became his turn to do the dishes.
",premeditate,palter,reform,distend,ponder
491,"The barnyard scene outside the 4-H tent made a charming ______
for visitors to the state fair.
",melee,tabloid,tableau,rant,tangent
492,"The jellyfish, known for its shimmering ______, is one of nature's
most intriguing creatures.
",resonance,opulence,didactics,omniscience,translucence
493,"A decade after the ______, the members of the tribe began to drift
home again, hoping to rebuild the community they had fled during
the war.
",kowtow,redaction,cloister,diaspora,chimera
494,"After performing a ______ of the cow, scientists determined that it
did not have mad cow disease, and there was no need to notify the
board of health.
",extrapolation,interrogation,interment,elongation,vivisection
495,"Charged with moral ______, the judge was called off the case even
though he denied receiving bribes from the plaintiff's counsel.
",lassitude,restitution,turpitude,torpor,vicissitude
496,"I knew from Inga's ______ reply that she was offended by my
question.
",sinuous,vivacious,sinister,garrulous,brusque
497,"The cult leader's ______ obeyed his every instruction.
",predecessors,sycophants,narcissists,panderers,elocutionists
498,"The ______wallpaper in his living room makes it difficult to find
curtains and furniture that will match it.
",blunt,fatuous,verbose,variegated,meticulous
499,"Homer's Odyssey was not translated into many people's ______ until
after the invention of the printing press.
",caste,epicure,vernacular,debutant,nomenclature
500,"Don Quixote describes the adventures of a(n) ______ knight who
believes that windmills are giants and the barmaid Dulcinea is a
princess.
",gregarious,eloquent,fickle,errant,steadfast
501,"The ______ espionage plot was so sophisticated it was impossible
to believe it was the work of teenage computer hackers.
",simple,vaporized,byzantine,mystical,fusty
